b_over_bcrit,b,deflection_rad,deflection_deg,gr_weak_field_rad,newtonian_rad
1.001,2.600674287564669,6.510644826713236,373.0324704793516,0.7690313275919092,0.3845156637959546
1.0179322033898304,2.6446654423975837,3.662244941695387,209.8311787022799,0.7562393215933025,0.37811966079665127
1.0348644067796609,2.6886565972304983,3.0295673613903498,173.58142355825208,0.7438659150670777,0.37193295753353883
1.0517966101694913,2.7326477520634125,2.6632043997667596,152.590372087307,0.7318908917147507,0.3659454458573754
1.068728813559322,2.776638906896328,2.408012769964074,137.9689687325482,0.7202953164102855,0.3601476582051428
1.0856610169491525,2.8206300617292426,2.2140134080912324,126.8536240690032,0.7090614352928866,0.3545307176464433
1.102593220338983,2.8646212165621567,2.0587023841669643,117.95495788628729,0.6981725850652631,0.34908629253263157
1.1195254237288135,2.9086123713950713,1.9300141575732992,110.58166562944707,0.6876131105227785,0.34380655526138926
1.136457627118644,2.952603526227986,1.8207300443479424,104.3201471738043,0.6773682894550501,0.33868414472752506
1.1533898305084744,2.9965946810609005,1.726190624514583,98.90343741973743,0.6674242641623889,0.33371213208119443
1.170322033898305,3.040585835893815,1.6432156071839605,94.1493191216679,0.657767978917154,0.328883989458577
1.1872542372881356,3.08457699072673,1.569539083907916,89.92796528875317,0.6483871227765327,0.3241935613882663
1.204186440677966,3.128568145559645,1.5034907149380459,86.14367250305678,0.6392700772200172,0.3196350386100086
1.2211186440677966,3.1725593003925594,1.4438046221899086,82.72391129296213,0.6304058681432774,0.3152029340716387
1.238050847457627,3.216550455225474,1.389499163378022,79.6124376985195,0.6217841217913691,0.31089206089568455
1.2549830508474575,3.2605416100583886,1.3397982262383028,76.76478376256858,0.6133950242592318,0.3066975121296159
1.271915254237288,3.3045327648913028,1.2940779561282492,74.14520524706438,0.6052292842270507,0.30261464211352535
1.2888474576271185,3.3485239197242174,1.2518296580904096,71.72455607788534,0.5972780986329997,0.29863904931649987
1.305779661016949,3.392515074557132,1.212633322559248,69.47877147957111,0.5895331210167387,0.29476656050836936
1.3227118644067797,3.436506229390047,1.1761383249022153,67.3877621404833,0.5819864322943434,0.2909932161471717
1.3396440677966102,3.4804973842229616,1.1420490883943524,65.43459276175948,0.5746305137495484,0.2873152568747742
1.3565762711864406,3.5244885390558762,1.1101142557916628,63.60486163416858,0.5674582220476594,0.2837291110238297
1.3735084745762711,3.568479693888791,1.0801183886447916,61.88622504381774,0.5604627660975919,0.28023138304879597
1.3904406779661016,3.6124708487217054,1.0518755187706086,60.26802779868988,0.5536376856044976,0.2768188428022488
1.4073728813559323,3.6564620035546205,1.0252240783197655,58.741012742912325,0.5469768311705974,0.2734884155852987
1.4243050847457628,3.700453158387535,1.000022869701569,57.29708985046095,0.5404743458153909,0.27023717290769544
1.4412372881355933,3.7444443132204497,0.9761478301292215,55.92915084725761,0.5341246477985083,0.26706232389925416
1.4581694915254237,3.7884354680533643,0.9534894102995395,54.6309190205813,0.5279224146393268,0.2639612073196634
1.4751016949152542,3.832426622886279,0.9319504329192387,53.39682652166232,0.5218625682371862,0.2609312841185931
1.4920338983050847,3.876417777719193,0.9114443293701546,52.22191333404156,0.5159402610047775,0.25797013050238876
1.5089661016949152,3.9204089325521077,0.8918936779988815,51.101743523735955,0.5101508629351174,0.2550754314675587
1.5258983050847457,3.9644000873850223,0.8732289832192466,50.03233528696302,0.504489949529597,0.2522449747647985
1.5428305084745761,4.008391242217937,0.8553876508670109,49.0101022422897,0.4989532905209505,0.24947664526047525
1.5597627118644066,4.0523823970508515,0.838313122215911,48.03180381340647,0.4935368393307387,0.24676841966536936
1.5766949152542376,4.096373551883767,0.8219541385958102,47.09450309485105,0.4882367232061333,0.24411836160306666
1.593627118644068,4.1403647067166816,0.8062641137997191,46.195530893579416,0.48304923398547767,0.24152461699273883
1.610559322033898,4.184355861549595,0.7912005956992858,45.33245488180567,0.4779708194463505,0.23898540972317525
1.6274915254237285,4.22834701638251,0.7767248026215858,44.50305303334877,0.4729980751937115,0.23649903759685575
1.6444237288135595,4.272338171215425,0.7628012222350677,43.70529064149015,0.46812773704920124,0.23406386852460062
1.66135593220339,4.31632932604834,0.7493972630985075,42.93730035419943,0.46335667390584123,0.23167833695292062
1.6782881355932204,4.360320480881255,0.7364829511073214,42.197364781789275,0.4586818810152653,0.22934094050763265
1.695220338983051,4.404311635714169,0.724030663770781,41.48390127212131,0.45410047367724365,0.22705023683862183
1.7121525423728814,4.448302790547084,0.7120148971061036,40.79544855462131,0.4496096813036475,0.22480484065182374
1.7290847457627119,4.492293945379998,0.7004120601714572,40.13065496788756,0.4452068418311888,0.2226034209155944
1.7460169491525426,4.536285100212913,0.6892002940728572,39.488268089549926,0.4408893964592589,0.22044469822962945
1.762949152542373,4.580276255045828,0.6783593106258992,38.86712549226804,0.4366548846910085,0.21832744234550425
1.779881355932203,4.624267409878741,0.6678702505871894,38.26614662099065,0.4325009396574764,0.2162504698287382
1.7968135593220336,4.668258564711656,0.6577155559165586,37.68432547411951,0.42842528370609523,0.21421264185304761
1.8137457627118645,4.712249719544571,0.64787885662611,37.12072412043747,0.42442572423629865,0.21221286211814933
1.830677966101695,4.756240874377486,0.6383448692074389,36.574466879416796,0.4205001497662305,0.21025007488311526
1.8476101694915255,4.800232029210401,0.6290993055782859,36.04473510424667,0.4166465262157304,0.2083232631078652
1.864542372881356,4.844223184043315,0.6201287912087126,35.530762490808655,0.4128628933918493,0.20643144669592464
1.8814745762711864,4.88821433887623,0.6114207914201057,35.03183085492068,0.4091473616641343,0.20457368083206715
1.898406779661017,4.932205493709144,0.6029635447686434,34.54726631549074,0.40549810881783616,0.20274905440891808
1.9153389830508476,4.976196648542059,0.5947460028853571,34.07643584760644,0.4019133770740282,0.2009566885370141
1.932271186440678,5.020187803374974,0.5867577759105633,33.6187441561582,0.39839147026639904,0.19919573513319952
1.9492033898305086,5.064178958207888,0.5789890829579578,33.17363083764088,0.39493075116519183,0.19746537558259591
1.966135593220339,5.108170113040803,0.5714307071178575,32.74056780202948,0.39152963893941967,0.19576481946970983
1.9830677966101695,5.152161267873717,0.5640739544197908,32.31905692150878,0.3881866067490924,0.1940933033745462
2.0,5.196152422706632,0.5569106164135431,31.90862788652513,0.3849001794597505,0.19245008972987526
2.1025641025641026,5.462621777717229,0.5172375175563713,29.635526761803895,0.36612456094951873,0.18306228047475936
2.2051282051282053,5.7290911327278256,0.48297745009180826,27.672569490250968,0.3490955116030295,0.17454775580151474
2.3076923076923075,5.995560487738421,0.4530716039636902,25.959090724342147,0.3335801555317838,0.1667900777658919
2.41025641025641,6.262029842749018,0.42672475777568364,24.44952763428903,0.3193852552963887,0.15969262764819436
2.5128205128205128,6.528499197759614,0.4033270274796017,23.108936438138155,0.3063491224271484,0.1531745612135742
2.6153846153846154,6.794968552770211,0.38240220950783943,21.910032681276682,0.2943354313515739,0.14716771567578696
2.717948717948718,7.061437907780808,0.3635726543167235,20.831178638717088,0.2832284339420806,0.1416142169710403
2.8205128205128203,7.3279072627914035,0.3465347621828401,19.854979327646422,0.27292921816236854,0.13646460908118427
2.923076923076923,7.594376617802,0.3310415073778845,18.967281216401688,0.26335275436719774,0.13167637718359887
3.0256410256410255,7.860845972812597,0.3168897279068581,18.15644398011199,0.25442554235475034,0.12721277117737517
3.128205128205128,8.127315327823194,0.30391072099251115,17.4128016616488,0.24608372129393885,0.12304186064696943
3.2307692307692304,8.39378468283379,0.2919631762377013,16.72825777165453,0.23827153966555986,0.11913576983277993
3.333333333333333,8.660254037844386,0.2809277912943724,16.09597678909957,0.23094010767585033,0.11547005383792516
3.4358974358974357,8.926723392854983,0.2707031178307484,15.510146152734505,0.22404637311836223,0.11202318655918111
3.5384615384615383,9.193192747865579,0.2612023194990778,14.965790506324845,0.2175522753468155,0.10877613767340776
3.6410256410256414,9.459662102876177,0.2523506171778154,14.458625321810354,0.21142404223845448,0.10571202111922724
3.7435897435897436,9.726131457886773,0.2440832525521368,13.98494022106322,0.2056316027250722,0.1028158013625361
3.846153846153846,9.992600812897368,0.2363438558257731,13.541505452665213,0.20014809331907027,0.10007404665953513
3.948717948717949,10.259070167907966,0.2290831222091021,13.125496060261206,0.19494944154454893,0.09747472077227447
4.051282051282051,10.525539522918562,0.2222577332744402,12.734430080769787,0.19001401264468695,0.09500700632234348
4.153846153846153,10.792008877929158,0.21582947076334547,12.366117769281889,0.18532230862876878,0.09266115431438439
4.256410256410256,11.058478232939756,0.20976448410776838,12.018619631114158,0.18085671083048518,0.09042835541524259
4.3589743589743595,11.324947587950353,0.2040326809692492,11.69021150227717,0.17660125881094432,0.08830062940547216
4.461538461538462,11.591416942960949,0.19860721773935497,11.379355357300815,0.17254145975781918,0.08627072987890959
4.564102564102564,11.857886297971545,0.19346407081718064,11.084674745244527,0.16866412358348618,0.08433206179174309
4.666666666666666,12.124355652982139,0.1885816744177342,10.804934037646376,0.16495721976846453,0.08247860988423227
4.769230769230769,12.390825007992738,0.18394061292640673,10.53902080173262,0.16140975267666954,0.08070487633833477
4.871794871794872,12.657294363003336,0.179523358555167,10.28593076922487,0.1580116526203186,0.0790058263101593
4.9743589743589745,12.923763718013932,0.1753140465160854,10.044754954731888,0.15475368040134296,0.07737684020067148
5.076923076923077,13.190233073024526,0.1712982818623141,9.814668588552978,0.1516273434235381,0.07581367171176905
5.179487179487179,13.456702428035122,0.1674629724005281,9.594921543266048,0.14862482177158684,0.07431241088579342
5.282051282051282,13.72317178304572,0.16379618432735565,9.38483006230436,0.14573890290223562,0.07286945145111781
5.384615384615385,13.989641138056317,0.16028701652298105,9.183769557510505,0.1429629237993359,0.07148146189966795
5.487179487179487,14.256110493066913,0.15692549084815566,8.991168323618144,0.14029071961617073,0.07014535980808537
5.589743589743589,14.522579848077509,0.15370245567671192,8.806502011072196,0.13771657797183734,0.06885828898591867
5.692307692307692,14.789049203088105,0.1506095033361281,8.629288895721633,0.135235198188561,0.0676175990942805
5.794871794871795,15.055518558098703,0.1476388942537885,8.459085532720342,0.13284165485779,0.066420827428895
5.897435897435898,15.3219879131093,0.14478349253367595,8.295483065343499,0.1305313652080893,0.06526568260404465
6.0,15.588457268119896,0.14203670789799894,8.138103898487826,0.12830005981991682,0.06415002990995841
6.482758620689655,16.842700956359426,0.130395555448636,7.471114994470949,0.11874580004609325,0.059372900023046626
6.9655172413793105,18.09694464459896,0.12052113951457732,6.905352636292656,0.1105158931122056,0.0552579465561028
7.448275862068964,19.35118833283849,0.11203907065179841,6.4193658889160945,0.10335282596604413,0.051676412983022064
7.931034482758621,20.605432021078023,0.10467389028122653,5.997372138329726,0.0970617843855023,0.04853089219275115
8.413793103448276,21.859675709317557,0.0982183836933399,5.627498856224923,0.09149266560928494,0.04574633280464247
8.89655172413793,23.113919397557087,0.09251365900949038,5.300642208556242,0.08652794732040903,0.04326397366020451
9.379310344827587,24.36816308579662,0.08743582465036503,5.009703730711843,0.08207430297303503,0.041037151486517515
9.862068965517242,25.622406774036154,0.0828868480940459,4.7490665729308015,0.07805667975057877,0.039028339875289385
10.344827586206897,26.876650462275684,0.07878813883869551,4.514227831148016,0.07441403469555176,0.03720701734777588
10.827586206896552,28.130894150515214,0.07507595332944161,4.301535268698146,0.07109621149256538,0.03554810574628269
11.310344827586206,29.385137838754744,0.07169804499313148,4.107995377445517,0.06806161709959004,0.03403080854979502
11.793103448275861,30.639381526994278,0.06861118265334243,3.9311311934377264,0.06527546903118576,0.03263773451559288
12.275862068965518,31.89362521523381,0.06577928541256828,3.7688754335266244,0.06270845620411665,0.031354228102058325
12.758620689655173,33.147868903473345,0.06317200240529441,3.619489121213655,0.06033570380720413,0.030167851903602064
13.24137931034483,34.40211259171288,0.06076361822816434,3.481498872418014,0.05813596460589981,0.029067982302949904
13.724137931034486,35.65635627995241,0.05853220020776018,3.3536480375194184,0.05609098092629529,0.028045490463147645
14.206896551724139,36.91059996819194,0.05645892711931433,3.234858239773418,0.054184976720061964,0.027092488360030982
14.689655172413794,38.16484365643147,0.05452755649566576,3.124198854362805,0.05240424978559983,0.026202124892799914
15.172413793103447,39.419087344671,0.05272399707509168,3.02086251146285,0.050736841837876204,0.025368420918938102
15.655172413793103,40.67333103291053,0.05103596411885469,2.9241453473914794,0.0491722696226113,0.02458613481130565
16.13793103448276,41.92757472115007,0.049452698988083466,2.8334309375480595,0.04770130429202035,0.023850652146010176
16.620689655172413,43.18181840938959,0.04796473882755814,2.74817710026635,0.04631578922959654,0.02315789461479827
17.10344827586207,44.43606209762913,0.04656372754320692,2.667905066622822,0.04500848872714824,0.02250424436357412
17.586206896551722,45.69030578586866,0.045242258335017826,2.5921904582370923,0.043772961585618685,0.021886480792809342
18.06896551724138,46.9445494741082,0.043993742683611003,2.5206557807554546,0.04260345497836932,0.02130172748918466
18.551724137931036,48.19879316234773,0.04281230026547078,2.45296411645829,0.04149481488599541,0.020747407442997703
19.03448275862069,49.45303685058726,0.04169266634345936,2.388813818127356,0.040442410160625955,0.020221205080312978
19.517241379310345,50.70728053882679,0.04063011323296095,2.327934009387299,0.03944206785983309,0.019721033929916545
20.0,51.96152422706632,0.039620383484951116,2.2700807563775274,0.03849001794597505,0.019245008972987525
