r_au,m_nfw_enclosed,v_keplerian,v_nfw_only,v_total
0.3,2.2005444476170184,25.819888974716115,2.7083478651612305,25.961544923701865
0.349498997995992,2.9274145767255177,23.921699488581876,2.894137416638644,24.09613532930968
0.39899799599198393,3.740722966892755,22.388739366630745,3.0619099626187167,22.597144577271372
0.44849699398797593,4.635202764156576,21.1171463395593,3.2148047410843126,21.36045034753858
0.49799599198396793,5.605928954452763,20.04020104559049,3.355141733129022,20.319119911971338
0.5474949899799599,6.648292684339488,19.112826750977582,3.4846967522188517,19.427898956598703
0.5969939879759518,7.757977802761842,18.30332617064532,3.6048673427053304,18.654940832592672
0.6464929859719438,8.93093940597138,17.58867358028175,3.716778349675844,17.977093191456742
0.6959919839679358,10.16338419160656,16.951685209516985,3.8213520745340714,17.377064283707497
0.7454909819639278,11.45175244894639,16.379242042673194,3.91935659357401,16.841642615851494
0.7949899799599198,12.79270153083617,15.861131670133847,4.011440051004282,16.360536334121942
0.8444889779559117,14.183090669095927,15.389269494266358,4.098155628277262,15.925592457448412
0.8939879759519038,15.619967009628906,14.95716067502176,4.179980130194997,15.53025722089761
0.9434869739478957,17.100552756196237,14.55951953794736,4.257328088102819,15.169194165334561
0.9929859719438876,18.62223332312371,14.191994730476363,4.3305626437893165,14.838008196575858
1.0424849699398797,20.182546407235378,13.850967068587734,4.400004075618165,14.533042510106352
1.0919839679358716,21.779171898223066,13.53339839384851,4.465936567411022,14.251226666878903
1.1414829659318637,23.409922554599337,13.236716894959391,4.528613647001481,13.989961248020363
1.1909819639278556,25.07273537945462,12.958728933084618,4.588262603378677,13.747029107364533
1.2404809619238475,26.765663636558717,12.697550423322884,4.645088109548079,13.520526258185816
1.2899799599198396,28.486869452990423,12.451552844769097,4.699275220534083,13.308807453878165
1.3394789579158317,30.23461695953519,12.219320330840663,4.7509918745828195,13.11044290403829
1.3889779559118236,32.00726592461986,11.999615248965883,4.800390995531235,12.924183526752934
1.4384769539078155,33.80326584161914,11.791350353528408,4.84761227212225,12.74893281418036
1.4879759519038076,35.62115043301928,11.593566078251092,4.892783673485276,12.583723871982352
1.5374749498997995,37.45953253821283,11.40541188337386,4.936022747498958,12.427700543271584
1.5869739478957916,39.31709935465377,11.226130828808671,4.977437739213696,12.280101784320731
1.6364729458917835,41.19260800477381,11.055046733979585,5.017128559162112,12.140248649415414
1.6859719438877754,43.08488140346348,10.891553426915241,5.05518762567089,12.007533384591742
1.7354709418837675,44.99280440310652,10.73510569236875,5.09170060080682,11.881410237618448
1.7849699398797594,46.91532019511302,10.585211610491818,5.126747036047263,11.761387673676529
1.8344689378757515,48.85142694868952,10.441426040458124,5.160400940945267,11.647021749342867
1.8839679358717434,50.8001746691947,10.303345052161852,5.19273128579723,11.537910446454568
1.9334669338677353,52.76066225989454,10.17060114717213,5.223802447495062,11.433688805687973
1.9829659318637274,54.73203477226776,10.042859140051835,5.253674606261855,11.33402472978612
2.032464929859719,56.71348083121611,9.919812594841785,5.282404099757826,11.238615350207516
2.0819639278557114,58.704230222641044,9.80118073038616,5.310043740047941,11.147183869969817
2.1314629258517033,60.70355163184965,9.686705723301307,5.336643098100116,11.059476810696694
2.180961923847695,62.71075052216504,9.576150349580985,5.362248759800101,10.97526160416041
2.230460921843687,64.72516714395759,9.469295915709006,5.386904556900243,10.894324478572129
2.279959919839679,66.74617466506696,9.365940438195027,5.410651775841821,10.816468597986919
2.329458917835671,68.7731774142884,9.26589703703288,5.433529346989766,10.741512419836127
2.378957915831663,70.80560923023232,9.168992513993818,5.455574016479361,10.669288241066479
2.428456913827655,72.84293190844582,9.075066091137188,5.476820502586888,10.599640907882875
2.477955911823647,74.88463374022602,8.983968288628342,5.497301638291623,10.53242666784077
2.527454909819639,76.93022813703931,8.895559924040462,5.517048501487271,10.467512146157638
2.5769539078156307,78.97925233491345,8.809711217897457,5.5360905341217315,10.404773430725944
2.626452905811623,81.03126617358333,8.7263009923801,5.554455651389983,10.344095252503818
2.675951903807615,83.08585094554682,8.64521595194058,5.572170341971697,10.285370249808066
2.725450901803607,85.14260831054254,8.566350036110856,5.589259760190332,10.228498306597082
2.7749498997995987,87.20115927127617,8.489603836095903,5.605747810870343,10.173385956156974
2.8244488977955906,89.2611432065225,8.414884067853103,5.621657227582393,10.119945842732427
2.873947895791583,91.32221695800341,8.342103095306124,5.637009644890631,10.068096234606918
2.923446893787575,93.38405396768765,8.271178498151656,5.6518256651495635,10.017760582961122
2.9729458917835667,95.44634346240083,8.202032679412401,5.666124920340231,9.968867121546438
3.0224448897795586,97.50878968283693,8.134592508487485,5.679926129383874,9.921348502819484
3.0719438877755505,99.57111115427043,8.06878899596706,5.693247151326599,9.875141466709605
3.121442885771543,101.63303999644535,8.004556996923721,5.706105034748513,9.830186538646295
3.1709418837675347,103.69432127029071,7.941834939779719,5.718516063715817,9.7864277538682
3.2204408817635266,105.75471235926621,7.880564578184716,5.730495800562982,9.743812405378586
3.2699398797595185,107.8139823832887,7.820690763631234,5.742059125764542,9.702290813211215
3.3194388777555104,109.87191164332572,7.762161236790055,5.753220275131336,9.661816112931792
3.3689378757515027,111.92829109486463,7.704926435771053,5.763992874543998,9.62234406152875
3.4184368737474946,113.98292184858589,7.648939319710538,5.774389972416937,9.58383285904774
3.4679358717434865,116.03561469667278,7.594155206257971,5.784424070068379,9.546242984500315
3.5174348697394784,118.08618966329215,7.540531621686109,5.79410715015631,9.509537044732546
3.5669338677354703,120.13447557787332,7.488028162481861,5.803450703326049,9.473679635076177
3.6164328657314626,122.18030966990018,7.436606367392906,5.812465753202446,9.43863721072592
3.6659318637274545,124.22353718400781,7.386229599009231,5.821162879848161,9.40437796789358
3.7154308617234464,126.26401101425722,7.336862934051097,5.829552241799322,9.37087173388476
3.7649298597194383,128.30159135652247,7.2884730616169096,5.837643596780309,9.338089865328215
3.81442885771543,130.33614537799752,7.241028188717354,5.845446321191143,9.306005153863088
3.8639278557114225,132.36754690288694,7.194497952487085,5.852969428453259,9.274591738656174
3.9134268537074144,134.3956761134012,7.1488533385232405,5.860221586292465,9.24382502518103
3.9629258517034063,136.42041926523257,7.104066604851718,5.867211133031664,9.213681609744288
4.012424849699398,138.44166841673234,7.060111211068568,5.873946092960117,9.184139209292153
4.0619238476953905,140.45932117106236,7.016961752245287,5.880434190840907,9.155176596073066
4.111422845691383,142.47328043063072,6.974593897224064,5.886682865613405,9.126773536770902
4.160921843687374,144.48345416316826,6.932984330962523,5.892699283343341,9.098910735757714
4.210420841683367,146.48975517883238,6.892110700617546,5.898490349468953,9.071569782146046
4.259919839679358,148.492100917768,6.85195156508498,5.904062720388268,9.04473310034901
4.30941883767535,150.49041324758238,6.81248634773643,5.9094228144290675,9.01838390388156
4.358917835671342,152.48461827022408,6.773695292116476,5.914576822240183,8.992506152159235
4.408416833667334,154.47464613778783,6.735559420383632,5.919530716639975,8.967084510071423
4.4579158316633265,156.46043087678675,6.698060494296473,5.924290261955171,8.94210431012477
4.507414829659318,158.44191022046772,6.66118097856273,5.928861022881069,8.917551516969459
4.55691382765531,160.41902544876325,6.624904006384062,5.933248372891799,8.893412694136417
4.606412825651302,162.39172123549815,6.589213347042732,5.937457502227431,8.869674972827521
4.655911823647294,164.35994550249222,6.554093375388684,5.941493425482893,8.846326022613583
4.705410821643286,166.32364928021397,6.519529043096743,5.945360988821867,8.823354023906491
4.754909819639278,168.28278657466677,6.485505851573852,5.949064876837421,8.800747642082422
4.80440881763527,170.23731424019994,6.452009826405519,5.952609619079559,8.778496003142672
4.853907815631262,172.18719185795655,6.4190274932392395,5.95599959626862,8.75658867080744
4.903406813627254,174.13238161968752,6.386545855010314,5.959239046212218,8.735015624945941
4.952905811623246,176.07284821666886,6.354552370422661,5.9623320694422,8.713767241253532
5.002404809619238,178.0085587334815,6.323034933603704,5.9652826345871395,8.69283427209329
5.05190380761523,179.9394825464192,6.2919818548583555,5.968094583494823,8.672207828425645
5.1014028056112215,181.86559122630612,6.261381842452639,5.970771636118333,8.651879362755286
5.150901803607214,183.786858445516,6.231223985362438,5.973317395178445,8.63184065302978
5.200400801603206,185.7032598889941,6.201497736927551,5.975735350614277,8.612083787429073
5.249899799599198,187.61477316909614,6.172192899355419,5.978028883833406,8.592601149989445
5.29939879759519,189.5213777440657,6.1432996090228205,5.980201271771991,8.573385407009491
5.348897795591181,191.42305483998135,6.114808322527422,5.982255690774786,8.554429494189424
5.398396793587174,193.31978737601625,6.086709803444391,5.984195220304384,8.535726604458457
5.447895791583166,195.21155989285322,6.058995109746344,5.9860228464883765,8.517270176448022
5.4973947895791575,197.09835848411612,6.0316555818476925,5.98774146551275,8.499053883571701
5.54689378757515,198.98017073067675,6.004682831237113,5.98935388686921,8.481071623675222
5.596392785571141,200.85698563770987,5.978068729664252,5.9908628364638,8.463317509222529
5.645891783567134,202.72879357437117,5.951805398848986,5.992270959593672,8.445785857986076
5.695390781563126,204.59558621598012,5.925885200683685,5.993580823798522,8.428471184211718
5.744889779559117,206.45735648859704,5.900300727900784,5.99479492159283,8.411368190230512
5.79438877755511,208.31409851588717,5.875044795179781,5.995915673084669,8.394471758491502
5.843887775551101,210.16580756817032,5.850110430669413,5.996945428486585,8.37777694399136
5.8933867735470935,212.01248001356137,5.825490867902297,5.997886470523707,8.361278967078206
5.942885771543086,213.85411327110776,5.801179538080744,5.998741016743947,8.344973206608449
5.992384769539077,215.69070576583732,5.777170062713765,5.999511221734932,8.328855193436823
6.04188376753507,217.52225688563425,5.753456246586549,6.000199179252028,8.312920604221027
6.091382765531061,219.34876693986328,5.730032071044804,6.000806924261605,8.2971652555236
6.140881763527053,221.17023711966644,5.706891687577413,6.001336434903438,8.28158509819465
6.190380761523046,222.9866694598608,5.684029411681911,6.001789634375972,8.266176212020154
6.239879759519037,224.79806680236842,5.661439716998128,6.002168392747948,8.250934800621462
6.2893787575150295,226.60443276111337,5.639117229696281,6.002474528699738,8.235857186592455
6.338877755511021,228.40577168832405,5.617056723106557,6.002709811197552,8.22093980686174
6.388376753507013,230.2020886421793,5.595253112578011,6.002875961103485,8.206179208267878
6.437875751503006,231.99338935574426,5.573701450555293,6.0029746527242835,8.191572043336517
6.487374749498997,233.77968020714047,5.55239692186238,6.0030075153015225,8.177115066248817
6.536873747494989,235.56096819089822,5.531334839183101,6.002976134445738,8.162805128991248
6.586372745490981,237.33726089044282,5.510510638728829,6.002882053516992,8.14863917767746
6.635871743486973,239.108566451667,5.48991987608425,6.002726774954134,8.134614249033335
6.6853707414829655,240.8748935575447,5.469558222222612,6.002511761555021,8.12072746703701
6.734869739478957,242.63625140374378,5.449421459682352,6.002238437709738,8.106976039705975
6.784368737474949,244.39264967519563,5.42950547889743,6.001908190588841,8.093357256023895
6.833867735470941,246.14409852358338,5.409806274674125,6.001522371288512,8.079868483000205
6.883366733466933,247.89060854571053,5.390319942807422,6.0010822959344265,8.066507162855869
6.932865731462925,249.63219076271554,5.371042676830518,6.000589246746063,8.053270810329131
6.982364729458917,251.3688566000954,5.3519707648912815,6.000044473063075,8.040157010095369
7.031863727454909,253.100617868509,5.33310058674987,5.999449192335301,8.02716341429552
7.081362725450901,254.82748674532624,5.31442861089197,5.998804591077905,8.014287740167838
7.130861723446893,256.54947575689374,5.295951391752442,5.9981118257930355,8.00152776777803
7.180360721442885,258.26659776148904,5.277665567044419,5.997372023859394,7.9888813378430905
7.229859719438877,259.97886593293464,5.259567855189148,5.9965862843909665,7.976346349644355
7.279358717434869,261.6862937448482,5.241655052842122,5.995755679066194,7.963920759025662
7.3288577154308605,263.38889495549915,5.2239240325112695,5.994881252928702,7.951602576472545
7.378356713426853,265.08668359325287,5.206371740263161,5.993964025160753,7.93938986526875
7.427855711422845,266.77967394257615,5.188995193513449,5.99300498983049,7.927280739726506
7.477354709418837,268.4678805305816,5.171791478897877,5.992005116613965,7.915273363487115
7.526853707414829,270.1513181140933,5.154757750220421,5.990965351492977,7.903365947888713
7.57635270541082,271.8300016672084,5.1378912264752925,5.989886617429601,7.891556750398112
7.625851703406813,273.5039463693402,5.121189189939663,5.988769815018362,7.879844073103853
7.675350701402805,275.17316759372005,5.104648984334154,5.987615823116848,7.868226261267717
7.7248496993987965,276.8376808963434,5.088268013048258,5.986425499455638,7.8567017019321
7.774348697394789,278.4975020053403,5.072043737428005,5.985199681228279,7.845268822580762
7.82384769539078,280.15264681075683,5.055973675123306,5.983939185662095,7.8339260898506184
7.873346693386773,281.8031313547279,5.0400553984925365,5.982644810570527,7.8226720082923205
7.922845691382765,283.4489718220302,5.024286533062017,5.981317334887698,7.811505119177507
7.972344689378756,285.09018453099907,5.008664756038197,5.979957519185864,7.8004239993507225
8.02184368737475,286.7267859247944,4.993187794870401,5.9785661061763635,7.789427260124042
8.071342685370741,288.3587925630043,4.977853425862133,5.977143821194701,7.778513546212628
8.120841683366733,289.98622111357315,4.962659472828998,5.975691372670309,7.767681534709424
8.170340681362726,291.60908834504005,4.947603805801427,5.974209452581565,7.756929934097362
8.219839679358717,293.2274111190784,4.9326843397704225,5.972698736896592,7.7462574832975
8.269338677354709,294.84120638332433,4.917899033474655,5.971159886000343,7.735662950751577
8.318837675350702,296.4504911644821,4.903245888227328,5.969593545108479,7.725145133537558
8.368336673346693,298.05528256169754,4.888722946781251,5.9680003446684795,7.714702856516811
8.417835671342685,299.6555977401888,4.874328292230677,5.966380900748472,7.704334971511595
8.467334669338678,301.2514539251253,4.860060046948504,5.964735815414185,7.6940403565116435
8.51683366733467,302.84286839574395,4.845916371557494,5.963065677094452,7.683817914908634
8.56633266533066,304.42985847969715,4.831895463934236,5.961371060935668,7.673666574757434
8.615831663326654,306.01244154762026,4.817995558244631,5.959652529145572,7.663585288063036
8.665330661322646,307.5906350079123,4.8042149240097185,5.957910631326731,7.653573030092141
8.714829659318637,309.1644563017229,4.7905518652007295,5.9561459048000875,7.64362879870844
8.764328657314628,310.7339228981353,4.777004719362293,5.954358874918875,7.633751613730617
8.813827655310622,312.29905228954055,4.763571856762757,5.9525500553732895,7.6239405163122
8.863326653306613,313.8598619871946,4.7502516795706535,5.950719948486161,7.614194568342403
8.912825651302605,315.41636951695205,4.737042621056341,5.948869045499989,7.604512851867125
8.962324649298598,316.9685924151701,4.723943144817947,5.946997826855588,7.59489446852934
9.01182364729459,318.51654822477565,4.710951744030717,5.945106762462649,7.585338539028114
9.06132264529058,320.06025449149115,4.698066940718948,5.943196311962474,7.575844202595552
9.110821643286574,321.59972876021175,4.685287285049713,5.941266924983148,7.566410616490967
9.160320641282565,323.1349885715296,4.672611354647604,5.9393190413873915,7.557036955511635
9.209819639278557,324.66605145839907,4.6600377539297435,5.937353091513349,7.547722411519497
9.259318637274548,326.1929349429375,4.647565113460403,5.935369496408509,7.538466192983212
9.308817635270541,327.71565653335824,4.635192089324495,5.933368668057032,7.52926752453499
9.358316633266533,329.23423372102855,4.622917362519331,5.931351009600645,7.520125646541637
9.407815631262524,330.7486839776511,4.610739638363992,5.9293169155533585,7.511039814689315
9.457314629258518,332.2590247525612,4.598657645925739,5.927266772010156,7.502009299581476
9.506813627254509,333.765273470138,4.586670137462858,5.9252009568499,7.493033386349517
9.5563126252505,335.26744752732463,4.5747758878834,5.923119839932587,7.484111374275665
9.605811623246494,336.7655642912529,4.5629736942192896,5.921023783291172,7.475242576427666
9.655310621242485,338.2596410969708,4.551262375115271,5.91891314131812,7.466426319304854
9.704809619238477,339.7496952452653,4.53964077033221,5.9167882609468245,7.457661942495152
9.754308617234468,341.23574400058175,4.528107740264287,5.914649481828107,7.448948798342678
9.803807615230461,342.71780458903254,4.516662165469598,5.912497136501899,7.440286251625516
9.853306613226453,344.19589419649304,4.505302946213759,5.910331550564282,7.431673679243323
9.902805611222444,345.6700299667837,4.494029002026055,5.908153042830033,7.423110469914421
9.952304609218437,347.14022899993114,4.48283927126776,5.905961925490789,7.414596023882038
10.001803607214429,348.6065083505099,4.471732710712216,5.903758504269,7.406129752629382
10.05130260521042,350.0688850260572,4.4607082951363,5.901543078567753,7.397711078603215
10.100801603206413,351.5273759855633,4.449765016922916,5.899315941616653,7.389339434945683
10.150300601202405,352.9819981380301,4.438901885674165,5.8970773806138155,7.3810142652340645
10.199799599198396,354.4327683410985,4.428117927834843,5.894827676864135,7.372735023228202
10.249298597194388,355.87970339974027,4.417412186325965,5.892567105913919,7.3645011726253315
10.298797595190381,357.32282006501435,4.406783720187977,5.890295937682011,7.356312186822076
10.348296593186372,358.762135032881,4.396231604233374,5.88801443658748,7.348167548683339
10.397795591182364,360.1976649430789,4.385754928708418,5.885722861674017,7.3400667503179
10.447294589178357,361.62942637805355,4.375352798963687,5.883421466731101,7.33200929286043
10.496793587174349,363.0574358619447,4.365024335133175,5.881110500412055,7.323994686259797
10.54629258517034,364.48170985962213,4.354768671821687,5.878790206349053,7.316022449073347
10.595791583166333,365.9022647757757,4.344584957800275,5.876460823265214,7.3080921082670605
10.645290581162325,367.31911695405114,4.334472355709474,5.874122585083816,7.300203199021341
10.694789579158316,368.7322826762349,4.324430041770098,5.87177572103475,7.2923552645422385
10.744288577154308,370.1417781614825,4.314457205501375,5.869420455758272,7.284547855877974
10.7937875751503,371.5476195655927,4.304553049446198,5.867057009406156,7.276780531740562
10.843286573146292,372.9498229803209,4.294716788903281,5.864685597740283,7.269052858332371
10.892785571142284,374.3484044327363,4.284947651666024,5.862306432228787,7.261364409177464
10.942284569138277,375.7433798846155,4.27524487776787,5.859919720139783,7.253714764957575
10.991783567134268,377.13476523187535,4.265607719233989,5.8575256646327825,7.24610351335256
11.04128256513026,378.52257630404097,4.256035439839083,5.855124464847825,7.238530248885183
11.090781563126253,379.90682886374964,4.246527314871145,5.85271631599243,7.230994572770106
11.140280561122244,381.2875386062885,4.237082630900999,5.8503014094264,7.223496092766954
11.189779559118236,382.6647211591634,4.227700685557454,5.847879932744546,7.216034423037305
11.239278557114227,384.03839208170064,4.2183807873079076,5.84545206985739,7.208609184005506
11.28877755511022,385.4085668646782,4.209122255244246,5.843018001069907,7.201220002223192
11.338276553106212,386.77526092998505,4.199924418873898,5.840577903158354,7.193866510237376
11.387775551102203,388.13848963031074,4.190786617915874,5.838131949445243,7.186548346462026
11.437274549098197,389.4982682488591,4.181708202101688,5.835680309872502,7.179265155052999
11.486773547094188,390.854611999091,4.172688530980978,5.8332231510728905,7.172016585786242
11.53627254509018,392.20753602448883,4.163726973731738,5.830760636439686,7.164802293939156
11.585771543086173,393.55705539834736,4.154822908975005,5.828292926194722,7.15762194017503
11.635270541082164,394.9031851235872,4.145975724593887,5.825820177454812,7.150475190430454
11.684769539078156,396.24594013258996,4.137184817556813,5.823342544296576,7.1433617158056
11.734268537074147,397.58533528705567,4.128449593744891,5.820860177819761,7.136281192457334
11.78376753507014,398.92138537788065,4.119769467783255,5.818373226209059,7.129233301495016
11.833266533066132,400.2541051250538,4.111143862876293,5.815881834794458,7.122217728878945
11.882765531062123,401.583509177575,4.1025722106466675,5.813386146110212,7.1152341653213655
11.932264529058116,402.90961211338964,4.094053950977994,5.810886299952416,7.108282306189956
11.981763527054108,404.2324284393413,4.085588531861115,5.80838243343524,7.101361851413722
12.0312625250501,405.551972591141,4.077175409243842,5.805874681045859,7.094472505391225
12.080761523046093,406.86825893335435,4.068814046884099,5.803363174698131,7.0876139769010935
12.130260521042084,408.1813017594032,4.0605039162063585,5.800848043785017,7.080785979014733
12.179759519038075,409.49111529158193,4.05224449616129,5.798329415229803,7.073988229011175
12.229258517034067,410.7977136810904,4.044035273088536,5.7958074135361635,7.067220448294012
12.27875751503006,412.1011110080778,4.035875740582539,5.7932821608370535,7.060482362310348
12.328256513026052,413.4013212817029,4.02776539936133,5.79075377694252,7.053773700471712
12.377755511022043,414.69835844020537,4.019703757138202,5.788222379386402,7.047094196076888
12.427254509018036,415.9922363509897,4.011690328496204,5.7856880834719915,7.04044358623658
12.476753507014028,417.28296881072134,4.003724634765378,5.7831510023166555,7.033821611799897
12.526252505010019,418.5705695454344,3.995806203902657,5.780611246895458,7.027228017282577
12.575751503006012,419.8550522106499,3.9879345703743745,5.778068926083807,7.020662550796922
12.625250501002004,421.1364303915037,3.9801092750413076,5.77552414669914,7.014124963983367
12.674749498997995,422.4147176028869,3.9723298650461882,5.772977013541685,7.007615011943688
12.724248496993987,423.6899272895928,3.9645958937036307,5.770427629434322,7.00113245317575
12.77374749498998,424.96207282647555,3.956906920392398,5.767876095261553,6.994677049509785
12.823246492985971,426.23116751861625,3.949262510449968,5.765322510007609,6.988248566046146
12.872745490981963,427.4972246014979,3.9416622350693222,5.762766970793728,6.981846771094508
12.922244488977956,428.76025724118864,3.934105671197916,5.760209572914607,6.975471436114456
12.971743486973947,430.02027853453234,3.9265924014387745,5.757650409874054,6.969122335657452
13.021242484969939,431.27730150934684,3.919122013953648,5.755089573419868,6.962799247310106
13.070741482965932,432.5313391246295,3.9116941023681955,5.7525271535779545,6.956501951638756
13.120240480961924,433.7824042707685,3.9043082656791377,5.7499632386857025,6.950230232135293
13.169739478957915,435.03050976976203,3.896964108163323,5.747397915424635,6.943983875164213
13.219238476953908,436.2756683754427,3.889661239288676,5.74483126885236,6.9377626699108506
13.2687374749499,437.51789277370784,3.8823992736269717,5.742263382433832,6.931566408330781
13.318236472945891,438.75719558275557,3.8751778307683957,5.739694338071935,6.925394885100334
13.367735470941883,439.9935893533264,3.867996535237842,5.737124216137422,6.919247897568231
13.417234468937876,441.22708656894963,3.8608550164129167,5.73455309549821,6.91312524570826
13.466733466933867,442.4576996461944,3.853752908443598,5.731981053548045,6.9070267320730165
13.516232464929859,443.68544093492596,3.846689850173514,5.7294081662345695,6.900952161748646
13.565731462925852,444.91032271856557,3.8396654850628034,5.726834508086787,6.894901342310578
13.615230460921843,446.1323572143548,3.832679461112525,5.724260152241951,6.888874083780226
13.664729458917835,447.3515565736239,3.8257314307905634,5.721685170471882,6.882870198582613
13.714228456913828,448.56793288206404,3.8188210509590186,5.71910963320874,6.876889501504932
13.76372745490982,449.7814981600021,3.8119479828030243,5.7165336095702495,6.870931809655973
13.81322645290581,450.99226436267975,3.8051118917609768,5.713957167384397,6.864996942426436
13.862725450901802,452.2002433805354,3.7983124474561305,5.711380373213622,6.859084721450082
13.912224448897796,453.4054470394892,3.7915493236295372,5.708803292378498,6.8531949705657125
13.961723446893787,454.60788710122944,3.7848221980742895,5.706225988980918,6.847327515779945
14.011222444889778,455.80757526350425,3.7781307525710495,5.703648525926816,6.841482185230788
14.060721442885772,457.0045231604132,3.771474672824819,5.701070964948402,6.835658809151959
14.110220440881763,458.19874236270243,3.764853648402938,5.698493366625952,6.829857219837973
14.159719438877755,459.3902443780614,3.758267372674272,5.695915790409144,6.824077251609935
14.209218436873748,460.579040651422,3.7517155427495665,5.69333829463796,6.818318740782052
14.25871743486974,461.76514256525945,3.745197859422943,5.690760936563163,6.812581525628845
14.30821643286573,462.94856143989443,3.738714027114505,5.688183772366352,6.806865446353017
14.357715430861722,464.1293085337972,3.732263753814039,5.685606857179612,6.801170345053995
14.407214428857715,465.3073950438931,3.7258467510257725,5.683030245104765,6.7954960656971055
14.456713426853707,466.4828321058693,3.719462733714185,5.68045398923224,6.789842454083384
14.506212424849698,467.6556307944829,3.713111420250823,5.677878141659544,6.78420935781999
14.555711422845691,468.8258021238693,3.70679253236212,5.675302753509378,6.77859662629122
14.605210420841683,469.9933570478535,3.700505795078187,5.672727874947389,6.77300411063011
14.654709418837674,471.1583064602594,3.6942509366825567,5.6701535551995494,6.767431663690594
14.704208416833668,472.3206611952228,3.688027688662855,5.667579842569214,6.761879140020233
14.753707414829659,473.4804320275029,3.681835785662389,5.665006784453818,6.756346395833474
14.80320641282565,474.6376296727953,3.6756749654326204,5.66243442736125,6.7508332889854445
14.852705410821642,475.7922647880459,3.6695449687865165,5.659862816925903,6.745339678946261
14.902204408817635,476.94434797176365,3.6634455395527485,5.657291997924401,6.739865426775848
14.951703406813627,478.0938897643355,3.65737642453073,5.654722014291027,6.734410395099243
15.001202404809618,479.2409006483402,3.651337373446467,5.652152909132828,6.728974448082384
15.050701402805611,480.385391048863,3.6453281389092105,5.649584724744447,6.723557451408374
15.100200400801603,481.5273713338099,3.6393484763688915,5.647017502622646,6.7181592722542
15.149699398797594,482.66685181422235,3.6333981440743184,5.644451283480551,6.712779779267897
15.199198396793587,483.8038427445915,3.627476903032125,5.641886107261626,6.7074188425461605
15.248697394789579,484.9383543231727,3.621584516966457,5.639322013153359,6.702076333612385
15.29819639278557,486.07039669229925,3.6157207522793677,5.636759039600702,6.6967521253951094
15.347695390781562,487.1999799386966,3.6098853780119224,5.634197224319234,6.691446092206888
15.397194388777555,488.3271140937957,3.604078165805992,5.631636604308078,6.686158109723558
15.446693386773546,489.45180913404585,3.598298889866717,5.629077215862571,6.680888054963887
15.496192384769538,490.5740749812278,3.592547326925632,5.626519094586682,6.67563580626962
15.545691382765531,491.6939215027659,3.5868232562044393,5.623962275405199,6.670401243285882
15.595190380761522,492.811358512039,3.5811264593794134,5.621406792575677,6.665184246941964
15.644689378757514,493.9263957686927,3.575456720546425,5.618852679700168,6.659984699432451
15.694188376753507,495.0390429789488,3.569813826186572,5.6162999697367075,6.654802484198712
15.743687374749499,496.14930979591566,3.5641975651324076,5.613748695010608,6.6496374859107235
15.79318637274549,497.25720581989657,3.5586077285347497,5.611198887225515,6.644489590449226
15.842685370741481,498.36274059869845,3.5530441098300596,5.60865057747427,6.639358684888213
15.892184368737475,499.4659236279393,3.5475065047083807,5.606103796249556,6.634244657477741
15.941683366733466,500.56676435135427,3.54199471108183,5.603558573454355,6.629147397627048
15.991182364729458,501.66527216110234,3.536508529053617,5.601014938412195,6.624066795887972
16.04068136272545,502.76145639807027,3.5310477608875956,5.598472919877217,6.619002743938685
16.09018036072144,503.8553263521759,3.5256122109783328,5.59593254604404,6.613955134567702
16.139679358717434,504.946891262673,3.5202016858216756,5.593393844557457,6.608923861658191
16.189178356713427,506.0361603184511,3.5148159939858203,5.590856842521936,6.603908820172556
16.238677354709417,507.1231426583374,3.5094549460828643,5.588321566510959,6.598909906137299
16.28817635270541,508.2078473713958,3.504118354740832,5.585788042576163,6.593927016628137
16.337675350701403,509.2902834972266,3.498806034576171,5.583256296256344,6.588960049755405
16.387174348697393,510.3704600262626,3.4935178021667026,5.58072635258627,6.584008904649698
16.436673346693386,511.4483859000669,3.488253476025022,5.578198236105333,6.579073481447772
16.48617234468938,512.5240700116267,3.483012876572337,5.5756719708660585,6.574153681278686
16.53567134268537,513.5975212056486,3.4777958261127413,5.57314758044244,6.5692494062502025
16.585170340681362,514.6687482788506,3.4726021488079035,5.570625087938129,6.564360559435394
16.634669338677355,515.7377599802539,3.4674316706521777,5.5681045159944755,6.559487044859516
16.684168336673345,516.8045650114736,3.4622842194481174,5.565585886798418,6.55462876748708
16.733667334669338,517.8691720270068,3.457159624782387,5.56306922209023,6.549785633209158
16.78316633266533,518.9315896345215,3.4520577180020666,5.560554543171131,6.5449575488309115
16.83266533066132,519.9918263951423,3.446978332191339,5.55804187091075,6.5401444220593214
16.882164328657314,521.0498908237364,3.4419213021485535,5.555531225754465,6.535346161491134
16.931663326653307,522.1057913891963,3.436886464363659,5.553022627730593,6.530562676601007
16.981162324649297,523.1595365147228,3.4318736569959976,5.550516096457469,6.525793877729861
17.03066132264529,524.2111345781071,3.426882719852455,5.548011651150386,6.521039676073425
17.08016032064128,525.2605939120089,3.4219134943659597,5.545509310628411,6.516299983670967
17.129659318637273,526.3079228042362,3.4169658235743223,5.543009093321082,6.51157471339423
17.179158316633266,527.3531294980216,3.412039552099412,5.540511017274984,6.506863778936534
17.228657314629256,528.3962221922984,3.4071345261266623,5.5380151001602025,6.5021670948020684
17.27815631262525,529.4372090419739,3.402250593384899,5.535521359276668,6.497484576295361
17.327655310621243,530.4760981582037,3.397387603126485,5.533029811560389,6.492816139510922
17.377154308617232,531.5128976086618,3.3925454061077795,5.530540473589562,6.488161701323053
17.426653306613225,532.5476154178112,3.387723854569898,5.528053361590588,6.483521179375828
17.47615230460922,533.5802595671727,3.382922802219776,5.525568491443972,6.478894492073237
17.52565130260521,534.6108379955906,3.378142104211525,5.523085878690123,6.474281558569484
17.5751503006012,535.6393585995006,3.373381617128079,5.520605538535048,6.469682298759461
17.624649298597195,536.6658292331921,3.3686411989631218,5.518127485855953,6.465096633269346
17.674148296593184,537.6902577090716,3.3639207091033,5.515651735206731,6.460524483447383
17.723647294589178,538.7126517979247,3.3592200083106962,5.513178300823372,6.455965771354787
17.77314629258517,539.7330192291745,3.354538958705588,5.510707196629264,6.4514204197568095
17.82264529058116,540.7513676911414,3.3498774237494553,5.508238436240405,6.446888352113943
17.872144288577154,541.7677048312994,3.345235268228255,5.505772032970529,6.442369492573257
17.921643286573147,542.7820382565312,3.340612358235949,5.503307999836135,6.437863765959881
17.971142284569137,543.7943755333829,3.3360085611582786,5.500846349561433,6.4333710977686245
18.02064128256513,544.8047241883163,3.331423745656787,5.498387094583205,6.428891414155713
18.07014028056112,545.8130917079593,3.3268577816530844,5.4959302470555755,6.424424641930671
18.119639278557113,546.8194855393567,3.3223105403133433,5.493475818854706,6.419970708548328
18.169138276553106,547.8239130902172,3.3177818940330335,5.491023821583404,6.415529542100935
18.218637274549096,548.8263817291605,3.313271716421881,5.488574266575661,6.41110107131043
18.26813627254509,549.8268987859627,3.308779882289052,5.4861271649010925,6.406685225520795
18.317635270541082,550.8254715517998,3.304306267628558,5.483682527369329,6.4022819346905555
18.36713426853707,551.8221072794892,3.2998507496048783,5.481240364534304,6.397891129385371
18.416633266533065,552.816813183732,3.2954132065387904,5.478800686698492,6.393512740770769
18.466132264529058,553.8095964413512,3.2909935178934164,5.476363503917059,6.389146700604958
18.515631262525048,554.8004641915296,3.2865915642604717,5.473928826001946,6.384792941231778
18.56513026052104,555.7894235360468,3.28220722734671,5.471496662525883,6.380451395573738
18.614629258517034,556.7764815395134,3.277840389960577,5.46906702282634,6.37612199712517
18.664128256513024,557.7616452296048,3.2734909359990514,5.466639916009398,6.371804679945485
18.713627254509017,558.7449215972937,3.2691587504346793,5.46421535095357,6.367499378652523
18.76312625250501,559.72631759708,3.264843719302798,5.4617933363135425,6.363206028416017
18.812625250501,560.7058401472194,3.2605457296889444,5.459373880523865,6.3589245649511374
18.862124248496993,561.6834961299533,3.256264669716443,5.456956991802572,6.3546549245121495
18.911623246492987,562.6592923917328,3.252000428534177,5.454542678154745,6.350397043886154
18.961122244488976,563.6332357434442,3.2477528963045312,5.452130947376007,6.346150860386921
19.01062124248497,564.6053329606328,3.2435219641915087,5.449721807055975,6.3419163118488235
19.06012024048096,565.575590783725,3.23930752434902,5.447315264581643,6.337693336620852
19.109619238476952,566.5440159182477,3.235109469909334,5.444911327140701,6.333481873560716
19.159118236472946,567.5106150350491,3.2309276949717,5.442510001724818,6.329281862029043
19.208617234468935,568.4753947705148,3.226762094591123,5.440111295132857,6.325093241883646
19.25811623246493,569.4383617267852,3.222612564767304,5.437715213974032,6.320915953473891
19.30761523046092,570.3995224719705,3.218479002433736,5.43532176467103,6.316749937635133
19.35711422845691,571.3588835403633,3.2143613054469493,5.43293095346306,6.312595135683236
19.406613226452905,572.3164514326519,3.21025937257591,5.430542786408871,6.3084514894091805
19.456112224448898,573.2722326161297,3.20617310349157,5.428157269389701,6.304318941073733
19.505611222444887,574.226233524906,3.202102398756559,5.425774408112195,6.300197433402206
19.55511022044088,575.1784605601133,3.198047159815018,5.423394208111261,6.296086909579288
19.604609218436874,576.1289200901141,3.1940072889825823,5.4210166747528845,6.291987313243939
19.654108216432864,577.0776184507058,3.1899826894364964,5.418641813236901,6.287898588484374
19.703607214428857,578.0245619453252,3.1859732652058654,5.416269628599711,6.283820679833104
19.75310621242485,578.9697568452513,3.181978921162047,5.413900125716965,6.279753532262054
19.80260521042084,579.9132093898049,3.1779995630091684,5.411533309306187,6.275697091177747
19.852104208416833,580.8549257865511,3.174035097274778,5.409169183929375,6.271651302416557
19.901603206412826,581.7949122114957,3.1700854313006226,5.406807753995542,6.267616112240026
19.951102204408816,582.7331748092835,3.166150473233554,5.404449023763225,6.263591467330251
20.00060120240481,583.669719693394,3.162230132016554,5.402092997342945,6.2595773147853295
20.050100200400802,584.6045529463366,3.1583243173798863,5.399739678699644,6.2555736021148745
20.099599198396792,585.5376806198423,3.154432939832365,5.397389071655053,6.251580277235576
20.149098196392785,586.4691087350578,3.1505559106527454,5.395041179890052,6.247597288466855
20.198597194388775,587.3988432827349,3.146693141881224,5.3926960069469745,6.243624584526536
20.248096192384768,588.3268902234205,3.1428445463110584,5.390353556231875,6.239662114526618
20.29759519038076,589.2532554876447,3.1390100374803014,5.388013831016768,6.235709827969072
20.34709418837675,590.1779449761071,3.1351895296636374,5.385676834441822,6.231767674741717
20.396593186372744,591.100964559864,3.1313829378643367,5.3833425695175245,6.227835605114142
20.446092184368737,592.0223200805115,3.1275901778063107,5.38101103912681,6.223913569733686
20.495591182364727,592.9420173503684,3.1238111659262775,5.378682246027149,6.220001519621466
20.54509018036072,593.8600621526598,3.1200458193660277,5.376356192852612,6.216099406168474
20.594589178356713,594.7764602416958,3.116294055964794,5.37403288211589,6.2122071811317054
20.644088176352703,595.6912173430522,3.112555794251723,5.371712316210298,6.208324796630359
20.693587174348696,596.6043391537486,3.1088309534384417,5.369394497411728,6.204452205142071
20.74308617234469,597.5158313424254,3.1051194534117275,5.367079427880581,6.200589359499215
20.79258517034068,598.4256995495185,3.1014212147262685,5.364767109663671,6.196736212885235
20.842084168336672,599.3339493874361,3.0977361585975225,5.362457544696086,6.19289271883104
20.891583166332666,600.2405864407302,3.0940642068946675,5.360150734803036,6.189058831211436
20.941082164328655,601.1456162662694,3.0904052821336454,5.357846681701657,6.185234504241613
20.99058116232465,602.049044393411,3.0867593074702913,5.355545387002797,6.18141969247368
21.04008016032064,602.9508763241687,3.0831262066935583,5.353246852212758,6.177614350793226
21.08957915831663,603.8511175333842,3.079505904218826,5.350951078735038,6.173818434415955
21.139078156312625,604.7497734688918,3.075898325081295,5.34865806787201,6.1700318988843375
21.188577154308614,605.6468495516872,3.0723033949294667,5.346367820826609,6.166254700064326
21.238076152304608,606.5423511760912,3.0687210400187093,5.344080338703962,6.162486794142099
21.2875751503006,607.4362837099153,3.0651511872049038,5.341795622513018,6.158728137620857
21.33707414829659,608.3286524946229,3.061593763938168,5.339513673168132,6.1549786873176515
21.386573146292584,609.2194628454935,3.0580486982566684,5.337234491490638,6.151238400360258
21.436072144288577,610.108720051781,3.0545159187805035,5.334958078210385,6.147507234184093
21.485571142284567,610.9964293768749,3.050995354705668,5.332684433967262,6.143785146529157
21.53507014028056,611.8825960584595,3.0474869357980916,5.330413559312692,6.140072095437044
21.584569138276553,612.7672253086689,3.0439905923877566,5.3281454547110965,6.136368039247946
21.634068136272543,613.6503223142471,3.0405062553628843,5.3258801205413535,6.132672936597745
21.683567134268536,614.531892236699,3.0370338561641987,5.32361755709821,6.128986746415095
21.73306613226453,615.4119402124487,3.033573326779261,5.321357764593698,6.1253094279185785
21.78256513026052,616.2904713529896,3.0301245997368724,5.319100743158503,6.121640940613871
21.832064128256512,617.1674907450389,3.026687608101551,5.316846492843338,6.117981244290962
21.881563126252505,618.043003450687,3.0232622854680744,5.3145950136202655,6.114330299021393
21.931062124248495,618.9170145075481,3.0198485659560923,5.312346305384024,6.11068806515554
21.980561122244488,619.7895289289102,3.016446384204801,5.310100367953326,6.107054503319932
22.03006012024048,620.6605517038804,3.013055675367692,5.307857201072124,6.103429574414589
22.07955911823647,621.5300877975361,3.0096763751073583,5.305616804410883,6.099813239610416
22.129058116232464,622.3981421510665,3.0063084195903653,5.303379177567804,6.096205460346598
22.178557114228454,623.2647196819206,3.002951745482191,5.301144320070047,6.092606198328056
22.228056112224447,624.1298252839491,2.9996062899422187,5.298912231374927,6.089015415522917
22.27755511022044,624.9934638275502,2.9962719906187996,5.296682910871104,6.085433074160026
22.32705410821643,625.8556401598073,2.99294878564437,5.2944563578797315,6.081859136726468
22.376553106212423,626.7163591046343,2.9896366136306307,5.292232571655609,6.0782935659651525
22.426052104208416,627.5756254629129,2.9863354136637827,5.290011551388308,6.074736324872395
22.475551102204406,628.433444012632,2.9830451252998245,5.287793296203276,6.071187376695547
22.5250501002004,629.2898195090273,2.979765688559901,5.2855778051629345,6.067646684930648
22.574549098196393,630.1447566847161,2.976497043925714,5.283365077267748,6.064114213320107
22.624048096192382,630.9982602498361,2.973239132334983,5.281155111457291,6.060589925850417
22.673547094188375,631.8503348921773,2.9699918951769635,5.27894790661128,6.057073786749875
22.72304609218437,632.7009852773201,2.9667552742880203,5.2767434615506055,6.053565760486364
22.77254509018036,633.550216048766,2.963529211947249,5.274541775038345,6.050065811765136
22.82204408817635,634.3980318280707,2.960313650872153,5.272342845780749,6.046573905526621
22.871543086172345,635.2444372149762,2.957108534214374,5.270146672428229,6.04309000694428
22.921042084168334,636.0894367875403,2.9539138055554677,5.267953253576318,6.039614081422463
22.970541082164328,636.933035102268,2.9507294089027347,5.26576258776662,6.036146094594306
23.02004008016032,637.7752366942384,2.9475552886850975,5.2635746734877475,6.032686012319648
23.06953907815631,638.6160460772351,2.9443913897490286,5.2613895091762455,6.029233800682974
23.119038076152304,639.4554677438696,2.9412376573545234,5.259207093217484,6.025789425991372
23.168537074148293,640.2935061657117,2.9380940371711253,5.257027423946573,6.022352854772532
23.218036072144287,641.1301657934114,2.9349604752739915,5.254850499649219,6.018924053772749
23.26753507014028,641.9654510568256,2.9318369181400095,5.252676318562612,6.01550298995497
23.31703406813627,642.7993663651401,2.928723312643959,5.250504878876262,6.01208963049684
23.366533066132263,643.6319161069939,2.925619606054712,5.248336178732846,6.008683942788789
23.416032064128256,644.4631046505993,2.9225257460314875,5.246170216229037,6.005285894432132
23.465531062124246,645.2929363438643,2.9194416806201406,5.244006989416311,6.001895453237192
23.51503006012024,646.1214155145127,2.9163673582495,5.241846496301759,5.998512587221452
23.564529058116232,646.9485464702029,2.9133027277277446,5.239688734848865,5.995137264607711
23.61402805611222,647.7743334986468,2.910247738238825,5.237533702978298,5.991769453822282
23.663527054108215,648.5987808677272,2.9072023393389235,5.235381398568661,5.988409123493188
23.713026052104208,649.4218928256164,2.904166480952954,5.233231819457265,5.985056242448407
23.762525050100198,650.2436736008888,2.9011401133711074,5.23108496344085,5.981710779714101
23.81202404809619,651.064127402641,2.8981231872454307,5.228940828276342,5.978372704512901
23.861523046092184,651.8832584206018,2.8951156535864477,5.226799411681549,5.975041986262178
23.911022044088174,652.7010708252484,2.8921174637598175,5.224660711335885,5.971718594572363
23.960521042084167,653.5175687679202,2.889128569483032,5.222524724881072,5.968402499245269
24.01002004008016,654.3327563809283,2.8861489228221497,5.220391449921812,5.965093670272431
24.05951903807615,655.1466377776692,2.8831784761885673,5.218260884026486,5.9617920778334685
24.109018036072143,655.9592170527344,2.880217182335827,5.216133024727802,5.958497692294471
24.158517034068133,656.7704982820206,2.8772649943564614,5.214007869523471,5.955210484206394
24.208016032064126,657.5804855228394,2.87432186567887,5.2118854158768375,5.951930424303475
24.25751503006012,658.3891828140245,2.871387750064238,5.209765661217534,5.9486574835016635
24.30701402805611,659.1965941760402,2.8684626016034813,5.207648602942097,5.945391632897078
24.356513026052102,660.0027236110885,2.865546374714229,5.2055342384145895,5.94213284376447
24.406012024048096,660.807575103215,2.862639024137845,5.203422564967215,5.938881087555708
24.455511022044085,661.6111526184143,2.859740504936473,5.201313579900916,5.935636335898282
24.50501002004008,662.4134601047344,2.85685077249012,5.199207280485956,5.932398560593815
24.55450901803607,663.2145014923825,2.8539697824937744,5.197103663962522,5.929167733616602
24.60400801603206,664.0142806938254,2.85109749095455,5.195002727541276,5.925943827112152
24.653507014028055,664.8128016038954,2.848233854188864,5.192904468403939,5.922726813395765
24.703006012024048,665.6100680998893,2.8453788288196504,5.190808883703835,5.919516664951096
24.752505010020037,666.4060840416719,2.8425323717735953,5.188715970566446,5.9163133544287625
24.80200400801603,667.2008532717748,2.839694440278412,5.186625726089947,5.913116854644951
24.851503006012024,667.9943796154981,2.8368649918601387,5.184538147345746,5.909927138580042
24.901002004008014,668.7866668810079,2.834043984340471,5.182453231379,5.906744179377252
24.950501002004007,669.5777188594357,2.831231375834117,5.180370975209136,5.903567950341285
25.0,670.3675393249757,2.8284271247461903,5.178291375830355,5.900398424936999
